L.p.,Identyfikator,Nr działki,Jednostka ewidencyjna,Obręb,Powierzchnia ewidencyjna,Klasoużytki,Adres,Granica sporna?,Teren zamknięty?,Rejestr zabytków,Zmodyfikował(a)
1,220502_4.0001.129,129,Kartuzy - M,1,0.9225,dr 0.0165; N 0.9060,,Nie,Nie,360 (1971-02-20),DANE OSOBOWE
2,220502_4.0001.84/4,84/4,Kartuzy - M,1,0.0085,Bp-RIVb 0.0085,ul. Bohaterów Westerplatte 44,Nie,Nie,,DANE OSOBOWE
3,220502_4.0001.143,143,Kartuzy - M,1,0.0424,RIVb 0.0424,ul. Bohaterów Westerplatte 25,Nie,Nie,,DANE OSOBOWE
4,220502_4.0001.97,97,Kartuzy - M,1,0.0442,B 0.0442,ul. Wzgórze Wolności,Nie,Nie,,DANE OSOBOWE
5,220502_4.0001.13,13,Kartuzy - M,1,0.3451,PsIV 0.3451,,Nie,Nie,,DANE OSOBOWE
6,220502_4.0001.14/7,14/7,Kartuzy - M,1,0.1796,ŁV 0.1796,ul. Zagórze 13,Nie,Nie,,DANE OSOBOWE
7,220502_4.0001.14/11,14/11,Kartuzy - M,1,0.0753,ŁV 0.0753,ul. Zagórze 8,Nie,Nie,,DANE OSOBOWE
8,220502_4.0001.14/12,14/12,Kartuzy - M,1,0.0738,ŁV 0.0738,ul. Zagórze 10,Nie,Nie,,DANE OSOBOWE
9,220502_4.0001.14/19,14/19,Kartuzy - M,1,0.0948,ŁV 0.0948,ul. Zagórze 15,Nie,Nie,,DANE OSOBOWE
10,220502_4.0001.63,63,Kartuzy - M,1,0.013,RIVb 0.0130,ul. Wzgórze Wolności,Nie,Nie,,DANE OSOBOWE
11,220502_4.0001.76/5,76/5,Kartuzy - M,1,0.0336,dr 0.0336,,Nie,Nie,,DANE OSOBOWE
12,220502_4.0001.76/6,76/6,Kartuzy - M,1,0.1306,PsIV 0.1306,ul. Prokowska 17,Nie,Nie,,DANE OSOBOWE
13,220502_4.0001.131,131,Kartuzy - M,1,0.6712,RIVb 0.6712,ul. Wzgórze Wolności,Nie,Nie,,DANE OSOBOWE
14,220502_4.0001.106,106,Kartuzy - M,1,0.0095,dr 0.0095,,Nie,Nie,,DANE OSOBOWE
15,220502_4.0001.77/1,77/1,Kartuzy - M,1,0.17,dr 0.17,ul. Krasickiego,Nie,Nie,,DANE OSOBOWE
16,220502_4.0001.12/1,12/1,Kartuzy - M,1,0.0783,dr 0.0783,,Nie,Nie,,DANE OSOBOWE
17,220502_4.0001.12/24,12/24,Kartuzy - M,1,0.0215,dr 0.0215,,Nie,Nie,,DANE OSOBOWE
18,220502_4.0001.12/25,12/25,Kartuzy - M,1,0.0017,dr 0.0017,,Nie,Nie,,DANE OSOBOWE
19,220502_4.0001.12/26,12/26,Kartuzy - M,1,0.0114,dr 0.0114,,Nie,Nie,,DANE OSOBOWE
20,220502_4.0001.12/41,12/41,Kartuzy - M,1,0.0441,dr 0.0441,,Nie,Nie,,DANE OSOBOWE
21,220502_4.0001.12/45,12/45,Kartuzy - M,1,0.0331,dr 0.0331,,Nie,Nie,,DANE OSOBOWE
22,220502_4.0001.12/46,12/46,Kartuzy - M,1,0.2346,dr 0.2346,,Nie,Nie,,DANE OSOBOWE
23,220502_4.0001.70/3,70/3,Kartuzy - M,1,0.0161,dr 0.0161,,Nie,Nie,,DANE OSOBOWE
24,220502_4.0001.7/50,7/50,Kartuzy - M,1,0.0004,dr 0.0004,,Nie,Nie,,DANE OSOBOWE
25,220502_4.0001.7/51,7/51,Kartuzy - M,1,0.0036,dr 0.0036,,Nie,Nie,,DANE OSOBOWE
26,220502_4.0001.78/7,78/7,Kartuzy - M,1,0.0074,dr 0.0074,,Nie,Nie,,DANE OSOBOWE
27,220502_4.0001.104,104,Kartuzy - M,1,0.0049,dr 0.0049,,Nie,Nie,,DANE OSOBOWE
28,220502_4.0001.14/16,14/16,Kartuzy - M,1,0.112,ŁV 0.1120,ul. Podgórna,Nie,Nie,,DANE OSOBOWE
29,220502_4.0001.174,174,Kartuzy - M,1,0.0407,B 0.0407,ul. Bohaterów Westerplatte,Nie,Nie,,DANE OSOBOWE
30,220502_4.0001.141/1,141/1,Kartuzy - M,1,0.0069,Bp 0.0069,,Nie,Nie,,DANE OSOBOWE
31,220502_4.0001.16/1,16/1,Kartuzy - M,1,0.1014,dr 0.1014,ul. Wzgórze Wolności,Nie,Nie,,DANE OSOBOWE
32,220502_4.0001.153,153,Kartuzy - M,1,0.0444,B 0.0444,ul. Bohaterów Westerplatte,Nie,Nie,,DANE OSOBOWE
33,220502_4.0001.14/9,14/9,Kartuzy - M,1,0.0659,ŁIV 0.0659,ul. Zagórze 4,Nie,Nie,,DANE OSOBOWE
34,220502_4.0001.14/8,14/8,Kartuzy - M,1,0.0315,ŁV 0.0315,,Nie,Nie,,DANE OSOBOWE
35,220502_4.0001.74/4,74/4,Kartuzy - M,1,0.0398,Bp-PsIV 0.0398,ul. Prokowska 13,Nie,Nie,,DANE OSOBOWE
36,220502_4.0001.15/2,15/2,Kartuzy - M,1,0.0043,B 0.0043,ul. Wzgórze Wolności 22,Nie,Nie,,DANE OSOBOWE
37,220502_4.0001.68/9,68/9,Kartuzy - M,1,0.0304,Bp-RIVb 0.0304,ul. Gdyńskich Kosynierów 9,Nie,Nie,,DANE OSOBOWE
38,220502_4.0001.68/7,68/7,Kartuzy - M,1,0.0238,Bp-RIVb 0.0238,ul. Gdyńskich Kosynierów 13,Nie,Nie,,DANE OSOBOWE
39,220502_4.0001.189,189,Kartuzy - M,1,2.7257,RIVb 0.4773; RV 1.3456; ŁV 0.4193; dr 0.4074; Tr 0.0761,ul. Prokowska,Nie,Nie,,DANE OSOBOWE
40,220502_4.0001.68/18,68/18,Kartuzy - M,1,0.0081,Bp 0.0081,ul. Gdyńskich Kosynierów,Nie,Nie,,DANE OSOBOWE
41,220502_4.0001.68/17,68/17,Kartuzy - M,1,0.0095,Bp 0.0095,ul. Gdyńskich Kosynierów,Nie,Nie,,DANE OSOBOWE
42,220502_4.0001.68/19,68/19,Kartuzy - M,1,0.0121,Bp 0.0121,ul. Prokowska 7,Nie,Nie,,DANE OSOBOWE
43,220502_4.0001.15/7,15/7,Kartuzy - M,1,0.0715,Bp-PsIV 0.0715,ul. Wzgórze Wolności,Nie,Nie,,DANE OSOBOWE
44,220502_4.0001.66/4,66/4,Kartuzy - M,1,0.0332,Bp-RIVb 0.0332,ul. Gdyńskich Kosynierów 6,Nie,Nie,,DANE OSOBOWE
45,220502_4.0001.110/2,110/2,Kartuzy - M,1,1.19,Ls 1.19,ul. Wzgórze Wolności,Nie,Nie,346 (1971-02-20),DANE OSOBOWE
46,220502_4.0001.14/22,14/22,Kartuzy - M,1,0.0176,dr 0.0176,,Nie,Nie,,DANE OSOBOWE
47,220502_4.0001.12/96,12/96,Kartuzy - M,1,0.0191,RIVb 0.0191,,Nie,Nie,,DANE OSOBOWE
48,220502_4.0001.12/87,12/87,Kartuzy - M,1,0.0168,Bp-RIVb 0.0168,,Nie,Nie,,DANE OSOBOWE
49,220502_4.0001.7/42,7/42,Kartuzy - M,1,0.0069,dr 0.0069,,Nie,Nie,,DANE OSOBOWE
50,220502_4.0001.70/6,70/6,Kartuzy - M,1,0.0757,Bp-RIVb 0.0757,ul. Prokowska,Nie,Nie,,DANE OSOBOWE
51,220502_4.0001.12/90,12/90,Kartuzy - M,1,0.0086,Bz 0.0086,,Nie,Nie,,DANE OSOBOWE
52,220502_4.0001.15/12,15/12,Kartuzy - M,1,0.0024,ŁV 0.0024,,Nie,Nie,,DANE OSOBOWE
53,220502_4.0001.12/91,12/91,Kartuzy - M,1,0.0298,RIVb 0.0298,,Nie,Nie,,DANE OSOBOWE
54,220502_4.0001.12/92,12/92,Kartuzy - M,1,0.0381,RIVb 0.0381,,Nie,Nie,,DANE OSOBOWE
55,220502_4.0001.12/93,12/93,Kartuzy - M,1,0.0142,Bz 0.0142,,Nie,Nie,,DANE OSOBOWE
56,220502_4.0001.14/21,14/21,Kartuzy - M,1,0.0025,ŁV 0.0025,,Nie,Nie,,DANE OSOBOWE
57,220502_4.0001.12/94,12/94,Kartuzy - M,1,0.053,RIVb 0.0530,,Nie,Nie,,DANE OSOBOWE
58,220502_4.0001.75/7,75/7,Kartuzy - M,1,0.0856,Bp-PsIV 0.0856,ul. Prokowska 15,Nie,Nie,,DANE OSOBOWE
59,220502_4.0001.71/6,71/6,Kartuzy - M,1,0.0737,ŁIV 0.0110; PsIV 0.0499; W-PsIV 0.0128,ul. Prokowska,Nie,Nie,,DANE OSOBOWE
60,220502_4.0001.71/4,71/4,Kartuzy - M,1,0.0783,PsIV 0.0783,,Nie,Nie,,DANE OSOBOWE
61,220502_4.0001.70/11,70/11,Kartuzy - M,1,0.0663,B 0.0663,,Nie,Nie,,DANE OSOBOWE
62,220502_4.0001.3/1,3/1,Kartuzy - M,1,0.065,dr 0.0650,,Nie,Nie,,DANE OSOBOWE
63,220502_4.0001.88/5,88/5,Kartuzy - M,1,0.0003,RIVb 0.0003,,Nie,Nie,,DANE OSOBOWE
64,220502_4.0001.71/5,71/5,Kartuzy - M,1,0.0748,B 0.0748,,Nie,Nie,,DANE OSOBOWE
65,220502_4.0001.12/100,12/100,Kartuzy - M,1,0.0213,B 0.0213,ul. Łąkowa 11,Nie,Nie,,DANE OSOBOWE
66,220502_4.0001.12/99,12/99,Kartuzy - M,1,0.0225,B 0.0225,ul. Łąkowa 11a,Nie,Nie,,DANE OSOBOWE
67,220502_4.0001.15/17,15/17,Kartuzy - M,1,0.0385,B 0.0385,ul. Wzgórze Wolności 24,Nie,Nie,,DANE OSOBOWE
68,220502_4.0001.3/3,3/3,Kartuzy - M,1,0.2395,B 0.2395,ul. Prokowska,Nie,Nie,,DANE OSOBOWE
69,220502_4.0001.15/16,15/16,Kartuzy - M,1,0.0363,B 0.0363,ul. Wzgórze Wolności 24,Nie,Nie,,DANE OSOBOWE
70,220502_4.0001.8/17,8/17,Kartuzy - M,1,0.0563,B 0.0563,ul. Krasickiego,Nie,Nie,,DANE OSOBOWE
71,220502_4.0001.8/12,8/12,Kartuzy - M,1,0.0051,B 0.0051,ul. Krasickiego,Nie,Nie,,DANE OSOBOWE
72,220502_4.0001.8/14,8/14,Kartuzy - M,1,0.0145,B 0.0145,ul. Krasickiego,Nie,Nie,,DANE OSOBOWE
73,220502_4.0001.8/16,8/16,Kartuzy - M,1,0.0142,B 0.0142,ul. Krasickiego,Nie,Nie,,DANE OSOBOWE
74,220502_4.0001.70/10,70/10,Kartuzy - M,1,0.0615,B 0.0615,,Nie,Nie,,DANE OSOBOWE
75,220502_4.0001.8/19,8/19,Kartuzy - M,1,0.0471,B 0.0471,ul. Łąkowa 75A,Nie,Nie,,DANE OSOBOWE
76,220502_4.0001.88/2,88/2,Kartuzy - M,1,0.0953,B 0.0953,ul. Prokowska 14,Nie,Nie,,DANE OSOBOWE
77,220502_4.0001.15/18,15/18,Kartuzy - M,1,0.0165,dr 0.0165,,Nie,Nie,,DANE OSOBOWE
78,220502_4.0001.27,27,Kartuzy - M,1,0.0546,B 0.0546,ul. Podgórna,Nie,Nie,,DANE OSOBOWE
79,220502_4.0001.74/3,74/3,Kartuzy - M,1,0.044,B 0.0440,,Nie,Nie,,DANE OSOBOWE
80,220502_4.0001.8/18,8/18,Kartuzy - M,1,0.0307,B 0.0307,ul. Łąkowa 75,Nie,Nie,,DANE OSOBOWE
81,220502_4.0001.148/3,148/3,Kartuzy - M,1,0.0012,RIVb 0.0012,,Nie,Nie,,DANE OSOBOWE
82,220502_4.0001.68/13,68/13,Kartuzy - M,1,0.0258,B 0.0258,ul. Gdyńskich Kosynierów,Nie,Nie,,DANE OSOBOWE
83,220502_4.0001.68/14,68/14,Kartuzy - M,1,0.0288,B 0.0288,ul. Gdyńskich Kosynierów,Nie,Nie,,DANE OSOBOWE
84,220502_4.0001.12/86,12/86,Kartuzy - M,1,0.0269,B 0.0269,ul. Łąkowa 19,Nie,Nie,,DANE OSOBOWE
85,220502_4.0001.6/5,6/5,Kartuzy - M,1,0.0059,Ba 0.0059,,Nie,Nie,,DANE OSOBOWE
86,220502_4.0001.70/7,70/7,Kartuzy - M,1,0.0569,B 0.0569,ul. Gdyńskich Kosynierów 14,Nie,Nie,,DANE OSOBOWE
87,220502_4.0001.12/50,12/50,Kartuzy - M,1,0.0633,B 0.0633,ul. Łąkowa 37,Nie,Nie,,DANE OSOBOWE
88,220502_4.0001.7/57,7/57,Kartuzy - M,1,0.0086,Ba 0.0086,,Nie,Nie,,DANE OSOBOWE
89,220502_4.0001.12/49,12/49,Kartuzy - M,1,0.0621,B 0.0621,ul. Łąkowa 35,Nie,Nie,,DANE OSOBOWE
90,220502_4.0001.12/102,12/102,Kartuzy - M,1,0.0409,B 0.0409,ul. Łąkowa,Nie,Nie,,DANE OSOBOWE
91,220502_4.0001.61/9,61/9,Kartuzy - M,1,0.029,B 0.0290,ul. Obrońców Poczty Polskiej 2,Nie,Nie,,DANE OSOBOWE
92,220502_4.0001.39/1,39/1,Kartuzy - M,1,0.0945,B 0.0945,ul. Podgórna 18,Nie,Nie,,DANE OSOBOWE
93,220502_4.0001.70/5,70/5,Kartuzy - M,1,0.073,B 0.0730,,Nie,Nie,,DANE OSOBOWE
94,220502_4.0001.7/11,7/11,Kartuzy - M,1,0.0466,B 0.0466,ul. Łąkowa 61,Nie,Nie,,DANE OSOBOWE
95,220502_4.0001.3/6,3/6,Kartuzy - M,1,0.2338,B 0.2338,ul. Prokowska,Nie,Nie,,DANE OSOBOWE
96,220502_4.0001.3/7,3/7,Kartuzy - M,1,0.2014,B 0.2014,ul. Prokowska,Nie,Nie,,DANE OSOBOWE
97,220502_4.0001.3/5,3/5,Kartuzy - M,1,0.1685,B 0.1685,ul. Prokowska,Nie,Nie,,DANE OSOBOWE
98,220502_4.0001.70/20,70/20,Kartuzy - M,1,0.0599,B 0.0599,,Nie,Nie,,DANE OSOBOWE
99,220502_4.0001.7/55,7/55,Kartuzy - M,1,0.0738,RIVb 0.0346; N 0.0392,ul. Krasickiego 5,Nie,Nie,,DANE OSOBOWE
100,220502_4.0001.72/5,72/5,Kartuzy - M,1,0.0302,B 0.0302,,Nie,Nie,,DANE OSOBOWE
101,220502_4.0001.111/2,111/2,Kartuzy - M,1,0.1297,B 0.1297,ul. Bohaterów Westerplatte 34,Nie,Nie,,DANE OSOBOWE
102,220502_4.0001.178/6,178/6,Kartuzy - M,1,0.0606,B 0.0606,,Nie,Nie,,DANE OSOBOWE
103,220502_4.0001.178/5,178/5,Kartuzy - M,1,0.0681,B 0.0681,,Nie,Nie,,DANE OSOBOWE
104,220502_4.0001.14/26,14/26,Kartuzy - M,1,0.0026,ŁV 0.0026,ul. Podgórna 11A,Nie,Nie,,DANE OSOBOWE
105,220502_4.0001.46,46,Kartuzy - M,1,0.0605,B 0.0605,ul. Podgórna,Nie,Nie,,DANE OSOBOWE
106,220502_4.0001.38/1,38/1,Kartuzy - M,1,0.041,B 0.0410,ul. Podgórna 20,Nie,Nie,,DANE OSOBOWE
107,220502_4.0001.191,191,Kartuzy - M,1,0.0126,dr 0.0126,ul. Prokowska,Nie,Nie,,DANE OSOBOWE
108,220502_4.0001.190,190,Kartuzy - M,1,0.0043,B 0.0043,,Nie,Nie,,DANE OSOBOWE
109,220502_4.0001.168/1,168/1,Kartuzy - M,1,0.0205,B 0.0205,ul. Bohaterów Westerplatte,Nie,Nie,,DANE OSOBOWE
110,220502_4.0001.8/5,8/5,Kartuzy - M,1,0.0732,B 0.0732,ul. Ignacego Krasickiego 11,Nie,Nie,,DANE OSOBOWE
111,220502_4.0001.12/30,12/30,Kartuzy - M,1,0.0642,B 0.0642,,Nie,Nie,,DANE OSOBOWE
112,220502_4.0001.6/3,6/3,Kartuzy - M,1,0.0084,Ba 0.0084,,Nie,Nie,,DANE OSOBOWE
113,220502_4.0001.168/2,168/2,Kartuzy - M,1,0.0257,B 0.0257,ul. Bohaterów Westerplatte,Nie,Nie,,DANE OSOBOWE
114,220502_4.0001.178/4,178/4,Kartuzy - M,1,0.002,B 0.0020,,Nie,Nie,,DANE OSOBOWE
115,220502_4.0001.188,188,Kartuzy - M,1,0.0458,B 0.0458,ul. Gdyńskich Kosynierów,Nie,Nie,,DANE OSOBOWE
116,220502_4.0001.187,187,Kartuzy - M,1,0.0419,B 0.0419,ul. Gdyńskich Kosynierów,Nie,Nie,,DANE OSOBOWE
117,220502_4.0001.12/89,12/89,Kartuzy - M,1,0.0529,B 0.0529,ul. Łąkowa 2,Nie,Nie,,DANE OSOBOWE
118,220502_4.0001.170,170,Kartuzy - M,1,0.04,B 0.0400,ul. Bohaterów Westerplatte,Nie,Nie,,DANE OSOBOWE
119,220502_4.0001.103,103,Kartuzy - M,1,0.0004,Ba 0.0004,,Nie,Nie,,DANE OSOBOWE
120,220502_4.0001.117,117,Kartuzy - M,1,0.0046,Ba 0.0046,ul. Wzgórze Wolności,Nie,Nie,,DANE OSOBOWE
121,220502_4.0001.124,124,Kartuzy - M,1,0.0629,B 0.0629,ul. Klasztorna 14,Nie,Nie,,DANE OSOBOWE
122,220502_4.0001.58/1,58/1,Kartuzy - M,1,0.0314,RIVb 0.0314,ul. Wzgórze Wolności 6,Nie,Nie,,DANE OSOBOWE
123,220502_4.0001.59/1,59/1,Kartuzy - M,1,0.0306,RIVb 0.0306,,Nie,Nie,,DANE OSOBOWE
124,220502_4.0001.57,57,Kartuzy - M,1,0.0742,RIVb 0.0742,,Nie,Nie,,DANE OSOBOWE
125,220502_4.0001.88/6,88/6,Kartuzy - M,1,0.0517,B 0.0517,,Nie,Nie,,DANE OSOBOWE
126,220502_4.0001.87/7,87/7,Kartuzy - M,1,0.0094,B 0.0094,ul. Bohaterów Westerplatte 38,Nie,Nie,,DANE OSOBOWE
127,220502_4.0001.7/20,7/20,Kartuzy - M,1,0.052,B 0.0520,ul. Łąkowa 40,Nie,Nie,,DANE OSOBOWE
128,220502_4.0001.122/2,122/2,Kartuzy - M,1,0.0472,B 0.0472,ul. Klasztorna,Nie,Nie,,DANE OSOBOWE
129,220502_4.0001.122/1,122/1,Kartuzy - M,1,0.0058,B 0.0058,ul. Klasztorna,Nie,Nie,,DANE OSOBOWE
130,220502_4.0001.2/4,2/4,Kartuzy - M,1,0.5759,dr 0.5759,ul. Prokowska,Nie,Nie,,DANE OSOBOWE
131,220502_4.0001.12/11,12/11,Kartuzy - M,1,0.0438,B 0.0438,ul. Łąkowa 17,Nie,Nie,,DANE OSOBOWE
132,220502_4.0001.4/10,4/10,Kartuzy - M,1,0.0856,dr 0.0856,ul. Prokowska,Nie,Nie,,DANE OSOBOWE
133,220502_4.0001.5/2,5/2,Kartuzy - M,1,0.0031,dr 0.0031,,Nie,Nie,,DANE OSOBOWE
134,220502_4.0001.12/101,12/101,Kartuzy - M,1,0.0184,B 0.0184,ul. Łąkowa,Nie,Nie,,DANE OSOBOWE
135,220502_4.0001.47,47,Kartuzy - M,1,0.068,B 0.0680,ul. Podgórna 4,Nie,Nie,,DANE OSOBOWE
136,220502_4.0001.31/2,31/2,Kartuzy - M,1,0.0376,B 0.0376,ul. Podgórna,Nie,Nie,,DANE OSOBOWE
137,220502_4.0001.7/43,7/43,Kartuzy - M,1,0.0569,B 0.0569,ul. Prokowska,Nie,Nie,,DANE OSOBOWE
138,220502_4.0001.165,165,Kartuzy - M,1,0.0503,B 0.0503,ul. Bohaterów Westerplatte,Nie,Nie,,DANE OSOBOWE
139,220502_4.0001.82/4,82/4,Kartuzy - M,1,0.0414,B 0.0414,ul. Bohaterów Westerplatte,Nie,Nie,,DANE OSOBOWE
140,220502_4.0001.83/3,83/3,Kartuzy - M,1,0.0301,B 0.0301,,Nie,Nie,,DANE OSOBOWE
141,220502_4.0001.72/4,72/4,Kartuzy - M,1,0.0248,B 0.0248,,Nie,Nie,,DANE OSOBOWE
142,220502_4.0001.83/2,83/2,Kartuzy - M,1,0.1016,B 0.1016,ul. Prokowska 20,Nie,Nie,,DANE OSOBOWE
143,220502_4.0001.68/22,68/22,Kartuzy - M,1,0.0674,B 0.0674,ul. Prokowska 7,Nie,Nie,,DANE OSOBOWE
144,220502_4.0001.14/29,14/29,Kartuzy - M,1,0.0352,ŁV 0.0352,ul. Zagórze 6,Nie,Nie,,DANE OSOBOWE
145,220502_4.0001.82/10,82/10,Kartuzy - M,1,0.0328,B 0.0328,ul. Bohaterów Westerplatte 43,Nie,Nie,,DANE OSOBOWE
146,220502_4.0001.15/23,15/23,Kartuzy - M,1,0.0566,dr 0.0566,,Nie,Nie,,DANE OSOBOWE
147,220502_4.0001.15/21,15/21,Kartuzy - M,1,0.1301,B 0.1301,ul. Wzgórze Wolności,Nie,Nie,,DANE OSOBOWE
148,220502_4.0001.184/2,184/2,Kartuzy - M,1,0.0036,dr 0.0036,ul. Gdyńskich Kosynierów,Nie,Nie,,DANE OSOBOWE
149,220502_4.0001.184/3,184/3,Kartuzy - M,1,0.0072,dr 0.0072,ul. Gdyńskich Kosynierów,Nie,Nie,,DANE OSOBOWE
150,220502_4.0001.61/6,61/6,Kartuzy - M,1,0.0436,B 0.0436,ul. Gdyńskich Kosynierów 8,Nie,Nie,,DANE OSOBOWE
151,220502_4.0001.61/10,61/10,Kartuzy - M,1,0.0296,B 0.0296,ul. Obrońców Poczty Polskiej 2,Nie,Nie,,DANE OSOBOWE
152,220502_4.0001.82/9,82/9,Kartuzy - M,1,0.0307,B 0.0307,ul. Bohaterów Westerplatte 43A,Nie,Nie,,DANE OSOBOWE
153,220502_4.0001.39/4,39/4,Kartuzy - M,1,0.0814,B 0.0814,,Nie,Nie,,DANE OSOBOWE
154,220502_4.0001.96/2,96/2,Kartuzy - M,1,0.0543,B 0.0543,ul. Prokowska,Nie,Nie,,DANE OSOBOWE
155,220502_4.0001.121,121,Kartuzy - M,1,0.0211,B 0.0211,ul. Prokowska,Nie,Nie,,DANE OSOBOWE
156,220502_4.0001.5/4,5/4,Kartuzy - M,1,0.0196,Ba 0.0196,,Nie,Nie,,DANE OSOBOWE
157,220502_4.0001.5/6,5/6,Kartuzy - M,1,0.0058,Ba 0.0058,,Nie,Nie,,DANE OSOBOWE
158,220502_4.0001.2/3,2/3,Kartuzy - M,1,0.0007,dr 0.0007,ul. Prokowska,Nie,Nie,,DANE OSOBOWE
159,220502_4.0001.1/7,1/7,Kartuzy - M,1,0.0025,dr 0.0025,,Nie,Nie,,DANE OSOBOWE
160,220502_4.0001.1/8,1/8,Kartuzy - M,1,0.0072,dr 0.0072,,Nie,Nie,,DANE OSOBOWE
161,220502_4.0001.4/13,4/13,Kartuzy - M,1,0.0099,dr 0.0099,,Nie,Nie,,DANE OSOBOWE
162,220502_4.0001.196,196,Kartuzy - M,1,0.052,B 0.0520,ul. Podgórna 11A,Nie,Nie,,DANE OSOBOWE
163,220502_4.0001.184/1,184/1,Kartuzy - M,1,0.0143,dr 0.0143,ul. Gdyńskich Kosynierów,Nie,Nie,,DANE OSOBOWE
164,220502_4.0001.43,43,Kartuzy - M,1,0.0635,B 0.0635,ul. Podgórna 10,Nie,Nie,,DANE OSOBOWE
165,220502_4.0001.136/1,136/1,Kartuzy - M,1,0.0408,B 0.0408,ul. Obrońców Poczty Polskiej,Nie,Nie,,DANE OSOBOWE
166,220502_4.0001.76/8,76/8,Kartuzy - M,1,0.1289,PsIV 0.1289,ul. Prokowska,Nie,Nie,,DANE OSOBOWE
167,220502_4.0001.4/22,4/22,Kartuzy - M,1,0.089,Ba 0.0890,,Nie,Nie,,DANE OSOBOWE
168,220502_4.0001.14/3,14/3,Kartuzy - M,1,0.0747,B 0.0747,ul. Zagórze 3,Nie,Nie,,DANE OSOBOWE
169,220502_4.0001.70/22,70/22,Kartuzy - M,1,0.0284,B 0.0284,,Nie,Nie,,DANE OSOBOWE
170,220502_4.0001.87/3,87/3,Kartuzy - M,1,0.0735,B 0.0735,ul. Bohaterów Westerplatte,Nie,Nie,,DANE OSOBOWE
171,220502_4.0001.197/1,197/1,Kartuzy - M,1,0.3142,B 0.3142,"ul. Prokowska 40A, ul. Prokowska 40B",Nie,Nie,,DANE OSOBOWE
172,220502_4.0001.133,133,Kartuzy - M,1,0.0019,Wp 0.0019,,Nie,Nie,,DANE OSOBOWE
173,220502_4.0001.134,134,Kartuzy - M,1,0.0425,Wp 0.0425,,Nie,Nie,,DANE OSOBOWE
174,220502_4.0001.67/2,67/2,Kartuzy - M,1,0.0088,B 0.0088,ul. Prokowska 5,Nie,Nie,,DANE OSOBOWE
175,220502_4.0001.75/8,75/8,Kartuzy - M,1,0.0634,dr 0.0634,ul. Prokowska,Nie,Nie,,DANE OSOBOWE
176,220502_4.0001.70/21,70/21,Kartuzy - M,1,0.0541,B 0.0541,ul. Prokowska 9b,Nie,Nie,,DANE OSOBOWE
177,220502_4.0001.65/2,65/2,Kartuzy - M,1,0.0563,B 0.0563,ul. Prokowska,Nie,Nie,,DANE OSOBOWE
178,220502_4.0001.65/3,65/3,Kartuzy - M,1,0.042,B 0.0420,ul. Prokowska,Nie,Nie,,DANE OSOBOWE
179,220502_4.0001.81/9,81/9,Kartuzy - M,1,0.0704,B 0.0704,ul. Łąkowa 54,Nie,Nie,,DANE OSOBOWE
180,220502_4.0001.197/3,197/3,Kartuzy - M,1,0.2607,B 0.2607,"ul. Prokowska 40C, ul. Prokowska 40D, ul. Prokowska 40E",Nie,Nie,,DANE OSOBOWE
181,220502_4.0001.12/105,12/105,Kartuzy - M,1,0.0103,B 0.0103,ul. Łąkowa 33,Nie,Nie,,DANE OSOBOWE
182,220502_4.0001.75/4,75/4,Kartuzy - M,1,0.0764,B 0.0764,ul. Prokowska,Nie,Nie,,DANE OSOBOWE
183,220502_4.0001.12/104,12/104,Kartuzy - M,1,0.0277,B 0.0277,ul. Łąkowa 33,Nie,Nie,,DANE OSOBOWE
184,220502_4.0001.12/103,12/103,Kartuzy - M,1,0.0277,B 0.0277,ul. Łąkowa 33,Nie,Nie,,DANE OSOBOWE
185,220502_4.0001.105,105,Kartuzy - M,1,0.0028,dr 0.0028,,Nie,Nie,,DANE OSOBOWE
186,220502_4.0001.7/28,7/28,Kartuzy - M,1,0.065,B 0.0650,ul. Łąkowa 71,Nie,Nie,,DANE OSOBOWE
187,220502_4.0001.161,161,Kartuzy - M,1,0.0063,dr 0.0063,,Nie,Nie,,DANE OSOBOWE
188,220502_4.0001.114/1,114/1,Kartuzy - M,1,0.0095,dr 0.0095,,Nie,Nie,,DANE OSOBOWE
189,220502_4.0001.84/3,84/3,Kartuzy - M,1,0.0645,dr 0.0645,ul. Bohaterów Westerplatte,Nie,Nie,,DANE OSOBOWE
190,220502_4.0001.88/1,88/1,Kartuzy - M,1,0.0013,dr 0.0013,ul. Prokowska,Nie,Nie,,DANE OSOBOWE
191,220502_4.0001.81/1,81/1,Kartuzy - M,1,0.0034,dr 0.0034,ul. Prokowska,Nie,Nie,,DANE OSOBOWE
192,220502_4.0001.83/1,83/1,Kartuzy - M,1,0.0045,dr 0.0045,ul. Prokowska,Nie,Nie,,DANE OSOBOWE
193,220502_4.0001.83/5,83/5,Kartuzy - M,1,0.027,dr 0.0270,ul. Bohaterów Westerplatte,Nie,Nie,,DANE OSOBOWE
194,220502_4.0001.87/4,87/4,Kartuzy - M,1,0.0666,dr 0.0666,ul. Bohaterów Westerplatte,Nie,Nie,,DANE OSOBOWE
195,220502_4.0001.78/4,78/4,Kartuzy - M,1,0.0608,dr 0.0608,ul. Krasickiego,Nie,Nie,,DANE OSOBOWE
196,220502_4.0001.141/2,141/2,Kartuzy - M,1,0.0013,dr 0.0013,ul. Bohaterów Westerplatte,Nie,Nie,,DANE OSOBOWE
197,220502_4.0001.81/7,81/7,Kartuzy - M,1,0.0292,dr 0.0292,,Nie,Nie,,DANE OSOBOWE
198,220502_4.0001.139/1,139/1,Kartuzy - M,1,0.0014,RIVb 0.0014,ul. Bohaterów Westerplatte,Nie,Nie,,DANE OSOBOWE
199,220502_4.0001.167/5,167/5,Kartuzy - M,1,0.0511,dr 0.0511,,Nie,Nie,,DANE OSOBOWE
200,220502_4.0001.184/4,184/4,Kartuzy - M,1,0.0446,dr 0.0446,ul. Gdyńskich Kosynierów,Nie,Nie,,DANE OSOBOWE
201,220502_4.0001.141/3,141/3,Kartuzy - M,1,0.3873,dr 0.3873,ul. Bohaterów Westerplatte,Nie,Nie,,DANE OSOBOWE
202,220502_4.0001.12/43,12/43,Kartuzy - M,1,0.106,dr 0.1060,ul. Łąkowa,Nie,Nie,,DANE OSOBOWE
203,220502_4.0001.12/55,12/55,Kartuzy - M,1,0.0045,dr 0.0045,ul. Prokowska,Nie,Nie,,DANE OSOBOWE
204,220502_4.0001.12/62,12/62,Kartuzy - M,1,0.0572,dr 0.0572,ul. Łąkowa,Nie,Nie,,DANE OSOBOWE
205,220502_4.0001.7/33,7/33,Kartuzy - M,1,0.0355,dr 0.0355,,Nie,Nie,,DANE OSOBOWE
206,220502_4.0001.7/35,7/35,Kartuzy - M,1,0.0242,dr 0.0242,ul. Krasickiego,Nie,Nie,,DANE OSOBOWE
207,220502_4.0001.7/48,7/48,Kartuzy - M,1,0.2211,dr 0.2211,ul. Łąkowa,Nie,Nie,,DANE OSOBOWE
208,220502_4.0001.7/53,7/53,Kartuzy - M,1,0.0049,dr 0.0049,,Nie,Nie,,DANE OSOBOWE
209,220502_4.0001.12/85,12/85,Kartuzy - M,1,0.0606,dr 0.0606,,Nie,Nie,,DANE OSOBOWE
210,220502_4.0001.8/3,8/3,Kartuzy - M,1,0.0921,dr 0.0921,ul. Łąkowa,Nie,Nie,,DANE OSOBOWE
211,220502_4.0001.8/7,8/7,Kartuzy - M,1,0.0322,dr 0.0322,ul. Łąkowa,Nie,Nie,,DANE OSOBOWE
212,220502_4.0001.107,107,Kartuzy - M,1,0.0054,dr 0.0054,ul. Prokowska,Nie,Nie,,DANE OSOBOWE
213,220502_4.0001.108,108,Kartuzy - M,1,0.0034,dr 0.0034,ul. Prokowska,Nie,Nie,,DANE OSOBOWE
214,220502_4.0001.109,109,Kartuzy - M,1,0.0041,dr 0.0041,ul. Prokowska,Nie,Nie,,DANE OSOBOWE
215,220502_4.0001.74/5,74/5,Kartuzy - M,1,0.0277,dr 0.0277,,Nie,Nie,,DANE OSOBOWE
216,220502_4.0001.178/3,178/3,Kartuzy - M,1,0.0009,B 0.0009,,Nie,Nie,,DANE OSOBOWE
217,220502_4.0001.14/6,14/6,Kartuzy - M,1,0.1864,ŁV 0.1864,ul. Zagórze 11,Nie,Nie,,DANE OSOBOWE
218,220502_4.0001.14/18,14/18,Kartuzy - M,1,0.0973,ŁV 0.0973,,Nie,Nie,,DANE OSOBOWE
219,220502_4.0001.14/20,14/20,Kartuzy - M,1,0.0025,dr 0.0025,,Nie,Nie,,DANE OSOBOWE
220,220502_4.0001.12/95,12/95,Kartuzy - M,1,0.0066,Bz 0.0066,,Nie,Nie,,DANE OSOBOWE
221,220502_4.0001.34/1,34/1,Kartuzy - M,1,0.1203,dr 0.1203,ul. Podgórna,Nie,Nie,,DANE OSOBOWE
222,220502_4.0001.14/14,14/14,Kartuzy - M,1,0.0033,dr 0.0033,,Nie,Nie,,DANE OSOBOWE
223,220502_4.0001.14/15,14/15,Kartuzy - M,1,0.0531,dr 0.0531,ul. Podgórna,Nie,Nie,,DANE OSOBOWE
224,220502_4.0001.28,28,Kartuzy - M,1,0.0154,dr 0.0154,ul. Podgórna,Nie,Nie,,DANE OSOBOWE
225,220502_4.0001.50,50,Kartuzy - M,1,0.0357,dr 0.0357,ul. Podgórna,Nie,Nie,,DANE OSOBOWE
226,220502_4.0001.54,54,Kartuzy - M,1,0.0381,dr 0.0381,,Nie,Nie,,DANE OSOBOWE
227,220502_4.0001.44/1,44/1,Kartuzy - M,1,0.1079,dr 0.1079,,Nie,Nie,,DANE OSOBOWE
228,220502_4.0001.55,55,Kartuzy - M,1,0.0241,PsV 0.0241,,Nie,Nie,,DANE OSOBOWE
229,220502_4.0001.70/1,70/1,Kartuzy - M,1,0.0118,dr 0.0118,ul. Prokowska,Nie,Nie,,DANE OSOBOWE
230,220502_4.0001.68/20,68/20,Kartuzy - M,1,0.0344,dr 0.0344,,Nie,Nie,,DANE OSOBOWE
231,220502_4.0001.76/9,76/9,Kartuzy - M,1,0.1289,B 0.1289,ul. Łąkowa 32d,Nie,Nie,,DANE OSOBOWE
232,220502_4.0001.198,198,Kartuzy - M,1,0.0493,ŁV 0.0163; B 0.0330,ul. Podgórna,Nie,Nie,,DANE OSOBOWE
233,220502_4.0001.79/3,79/3,Kartuzy - M,1,0.2176,RIVb 0.2176,ul. Krasickiego,Nie,Nie,,DANE OSOBOWE
234,220502_4.0001.102/4,102/4,Kartuzy - M,1,0.1326,dr 0.1326,ul. Klasztorna,Nie,Nie,,DANE OSOBOWE
235,220502_4.0001.130/4,130/4,Kartuzy - M,1,0.2084,RIVa 0.2084,ul. Wzgórze Wolności,Nie,Nie,,DANE OSOBOWE
236,220502_4.0001.88/11,88/11,Kartuzy - M,1,0.0338,dr 0.0338,ul. Bohaterów Westerplatte,Nie,Nie,,DANE OSOBOWE
237,220502_4.0001.88/9,88/9,Kartuzy - M,1,0.0681,B 0.0681,ul. Bohaterów Westerplatte,Nie,Nie,,DANE OSOBOWE
238,220502_4.0001.12/79,12/79,Kartuzy - M,1,0.0565,B 0.0565,ul. Łąkowa 26,Nie,Nie,,DANE OSOBOWE
239,220502_4.0001.71/3,71/3,Kartuzy - M,1,0.0776,B 0.0776,ul. Prokowska 11D,Nie,Nie,,DANE OSOBOWE
240,220502_4.0001.30/1,30/1,Kartuzy - M,1,0.0286,B 0.0286,ul. Zagórze 4,Nie,Nie,,DANE OSOBOWE
241,220502_4.0001.81/4,81/4,Kartuzy - M,1,0.0474,B 0.0474,ul. Bohaterów Westerplatte 45A,Nie,Nie,,DANE OSOBOWE
242,220502_4.0001.81/6,81/6,Kartuzy - M,1,0.0072,B 0.0072,,Nie,Nie,,DANE OSOBOWE
243,220502_4.0001.79/1,79/1,Kartuzy - M,1,0.1002,RIVb 0.1002,ul. Krasickiego,Nie,Nie,,DANE OSOBOWE
244,220502_4.0001.79/4,79/4,Kartuzy - M,1,0.0012,RIVb 0.0012,ul. Krasickiego,Nie,Nie,,DANE OSOBOWE
245,220502_4.0001.7/17,7/17,Kartuzy - M,1,0.0529,B 0.0529,ul. Łąkowa 34,Nie,Nie,,DANE OSOBOWE
246,220502_4.0001.37/4,37/4,Kartuzy - M,1,0.0314,B 0.0314,,Nie,Nie,,DANE OSOBOWE
247,220502_4.0001.37/3,37/3,Kartuzy - M,1,0.0131,B 0.0131,,Nie,Nie,,DANE OSOBOWE
248,220502_4.0001.37/2,37/2,Kartuzy - M,1,0.0413,B 0.0413,ul. Podgórna,Nie,Nie,,DANE OSOBOWE
249,220502_4.0001.132,132,Kartuzy - M,1,0.885,Bi 0.8850,ul. Klasztorna 3,Nie,Nie,,DANE OSOBOWE
250,220502_4.0001.130/3,130/3,Kartuzy - M,1,0.0003,RIVa 0.0003,ul. Wzgórze Wolności,Nie,Nie,,DANE OSOBOWE
251,220502_4.0001.102/3,102/3,Kartuzy - M,1,0.0027,dr 0.0027,ul. Klasztorna,Nie,Nie,,DANE OSOBOWE
252,220502_4.0001.128/1,128/1,Kartuzy - M,1,0.0051,Bi 0.0051,ul. Klasztorna,Nie,Nie,360 (1971-02-20),DANE OSOBOWE
253,220502_4.0001.183,183,Kartuzy - M,1,0.0482,B 0.0482,ul. Obrońców Poczty Polskiej,Nie,Nie,,DANE OSOBOWE
254,220502_4.0001.88/8,88/8,Kartuzy - M,1,0.0006,dr 0.0006,ul. Bohaterów Westerplatte,Nie,Nie,,DANE OSOBOWE
255,220502_4.0001.88/10,88/10,Kartuzy - M,1,0.0013,B 0.0013,ul. Bohaterów Westerplatte,Nie,Nie,,DANE OSOBOWE
256,220502_4.0001.45,45,Kartuzy - M,1,0.0564,Br-PsV 0.0564,ul. Podgórna,Nie,Nie,,DANE OSOBOWE
257,220502_4.0001.138,138,Kartuzy - M,1,0.0434,Br-RIVb 0.0434,ul. Bohaterów Westerplatte,Nie,Nie,,DANE OSOBOWE
258,220502_4.0001.154,154,Kartuzy - M,1,0.0436,Br-RIVb 0.0436,ul. Bohaterów Westerplatte,Nie,Nie,,DANE OSOBOWE
259,220502_4.0001.15/11,15/11,Kartuzy - M,1,0.035,Br-PsIV 0.0350,,Nie,Nie,,DANE OSOBOWE
260,220502_4.0001.12/18,12/18,Kartuzy - M,1,0.066,Br-RIVb 0.0660,ul. Łąkowa 31,Nie,Nie,,DANE OSOBOWE
261,220502_4.0001.67/5,67/5,Kartuzy - M,1,0.0519,Br-RIVb 0.0519,ul. Prokowska 5,Nie,Nie,,DANE OSOBOWE
262,220502_4.0001.81/10,81/10,Kartuzy - M,1,0.0065,Br-RIVb 0.0028; Br-PsVI 0.0037,,Nie,Nie,,DANE OSOBOWE
263,220502_4.0001.81/3,81/3,Kartuzy - M,1,0.0474,Br-RIVb 0.0474,,Nie,Nie,,DANE OSOBOWE
264,220502_4.0001.90/6,90/6,Kartuzy - M,1,0.038,Br-RIVb 0.0380,ul. Prokowska 8B,Nie,Nie,,DANE OSOBOWE
265,220502_4.0001.84/6,84/6,Kartuzy - M,1,0.0273,Br-RIVb 0.0273,ul. Bohaterów Westerplatte 42,Nie,Nie,,DANE OSOBOWE
266,220502_4.0001.23,23,Kartuzy - M,1,0.0608,Br-RV 0.0608,ul. Podgórna 5,Nie,Nie,,DANE OSOBOWE
267,220502_4.0001.33,33,Kartuzy - M,1,0.0777,Br-RIVb 0.0777,,Nie,Nie,,DANE OSOBOWE
268,220502_4.0001.7/21,7/21,Kartuzy - M,1,0.0521,Br-RIVb 0.0521,ul. Łąkowa 42,Nie,Nie,,DANE OSOBOWE
269,220502_4.0001.7/22,7/22,Kartuzy - M,1,0.0521,Br-RIVb 0.0521,ul. Łąkowa 44,Nie,Nie,,DANE OSOBOWE
270,220502_4.0001.7/9,7/9,Kartuzy - M,1,0.0473,Br-RIVb 0.0473,ul. Łąkowa 57,Nie,Nie,,DANE OSOBOWE
271,220502_4.0001.17/1,17/1,Kartuzy - M,1,0.0202,Br-RV 0.0202,ul. Wzgórze Wolności 20,Nie,Nie,,DANE OSOBOWE
272,220502_4.0001.66/3,66/3,Kartuzy - M,1,0.062,Br-RIVb 0.0620,ul. Prokowska,Nie,Nie,,DANE OSOBOWE
273,220502_4.0001.166,166,Kartuzy - M,1,0.0484,Br-RIVb 0.0484,ul. Bohaterów Westerplatte,Nie,Nie,,DANE OSOBOWE
274,220502_4.0001.148/1,148/1,Kartuzy - M,1,0.051,Br-RIVb 0.0510,ul. Prokowska,Nie,Nie,,DANE OSOBOWE
275,220502_4.0001.15/8,15/8,Kartuzy - M,1,0.0509,Br-PsIV 0.0509,,Nie,Nie,,DANE OSOBOWE
276,220502_4.0001.12/33,12/33,Kartuzy - M,1,0.0431,Br-RIVb 0.0431,ul. Łąkowa,Nie,Nie,,DANE OSOBOWE
277,220502_4.0001.12/35,12/35,Kartuzy - M,1,0.0418,Br-RIVb 0.0418,ul. Łąkowa 18,Nie,Nie,,DANE OSOBOWE
278,220502_4.0001.15/10,15/10,Kartuzy - M,1,0.0737,Br-PsIV 0.0737,,Nie,Nie,,DANE OSOBOWE
279,220502_4.0001.12/36,12/36,Kartuzy - M,1,0.041,Br-RIVb 0.0410,ul. Łąkowa 20,Nie,Nie,,DANE OSOBOWE
280,220502_4.0001.29,29,Kartuzy - M,1,0.0716,Br-RIVb 0.0716,ul. Podgórna 13,Nie,Nie,,DANE OSOBOWE
281,220502_4.0001.150/2,150/2,Kartuzy - M,1,0.0303,Br-RIVb 0.0303,ul. Bohaterów Westerplatte,Nie,Nie,,DANE OSOBOWE
282,220502_4.0001.150/1,150/1,Kartuzy - M,1,0.0095,Br-RIVb 0.0095,ul. Bohaterów Westerplatte,Nie,Nie,,DANE OSOBOWE
283,220502_4.0001.81/8,81/8,Kartuzy - M,1,0.0704,Br-RIVb 0.0128; Br-PsVI 0.0576,ul. Bohaterów Westerplatte 54,Nie,Nie,,DANE OSOBOWE
284,220502_4.0001.12/4,12/4,Kartuzy - M,1,0.0702,Br-RIVb 0.0702,ul. Łąkowa 3,Nie,Nie,,DANE OSOBOWE
285,220502_4.0001.78/5,78/5,Kartuzy - M,1,0.0736,Br-RIVb 0.0485; Br-PsVI 0.0251,ul. Krasickiego 8,Nie,Nie,,DANE OSOBOWE
286,220502_4.0001.40/1,40/1,Kartuzy - M,1,0.0476,Br-RIVb 0.0476,ul. Podgórna,Nie,Nie,,DANE OSOBOWE
287,220502_4.0001.36,36,Kartuzy - M,1,0.0849,Br-RIVb 0.0849,"ul. Podgórna, ul. Podgórna 24A",Nie,Nie,,DANE OSOBOWE
288,220502_4.0001.25,25,Kartuzy - M,1,0.0519,Br-PsV 0.0519,ul. Podgórna,Nie,Nie,,DANE OSOBOWE
289,220502_4.0001.12/83,12/83,Kartuzy - M,1,0.0071,Br-RIVb 0.0071,ul. Prokowska 21,Nie,Nie,,DANE OSOBOWE
290,220502_4.0001.95/4,95/4,Kartuzy - M,1,0.0682,Br-RIVb 0.0682,ul. Prokowska,Nie,Nie,,DANE OSOBOWE
291,220502_4.0001.12/31,12/31,Kartuzy - M,1,0.0446,Br-RIVb 0.0446,ul. Łąkowa,Nie,Nie,,DANE OSOBOWE
292,220502_4.0001.61/5,61/5,Kartuzy - M,1,0.0615,Br-RIVb 0.0615,ul. Wzgórze Wolności 8,Nie,Nie,,DANE OSOBOWE
293,220502_4.0001.85/3,85/3,Kartuzy - M,1,0.12,Br-RIVb 0.12,ul. Łąkowa 83,Nie,Nie,,DANE OSOBOWE
294,220502_4.0001.78/3,78/3,Kartuzy - M,1,0.0864,Br-RIVb 0.0557; Br-PsVI 0.0307,ul. Krasickiego,Nie,Nie,,DANE OSOBOWE
295,220502_4.0001.12/60,12/60,Kartuzy - M,1,0.0627,Br-RIVb 0.0627,ul. Podgórna 28,Nie,Nie,,DANE OSOBOWE
296,220502_4.0001.19,19,Kartuzy - M,1,0.0975,Br-RV 0.0975,ul. Podgórna,Nie,Nie,,DANE OSOBOWE
297,220502_4.0001.49,49,Kartuzy - M,1,0.0499,Br-PsV 0.0499,ul. Podgórna,Nie,Nie,,DANE OSOBOWE
298,220502_4.0001.87/1,87/1,Kartuzy - M,1,0.0013,Br-RIVb 0.0013,ul. Prokowska,Nie,Nie,,DANE OSOBOWE
299,220502_4.0001.14/23,14/23,Kartuzy - M,1,0.1206,Br-ŁV 0.1206,,Nie,Nie,,DANE OSOBOWE
300,220502_4.0001.12/88,12/88,Kartuzy - M,1,0.0054,Br-RIVb 0.0054,,Nie,Nie,,DANE OSOBOWE
301,220502_4.0001.125,125,Kartuzy - M,1,0.107,Br-RIVb 0.1070,ul. Klasztorna 16,Nie,Nie,,DANE OSOBOWE
302,220502_4.0001.38/2,38/2,Kartuzy - M,1,0.047,Br-RIVb 0.0470,ul. Podgórna,Nie,Nie,,DANE OSOBOWE
303,220502_4.0001.78/6,78/6,Kartuzy - M,1,0.0755,Br-RIVb 0.0755,ul. Krasickiego,Nie,Nie,,DANE OSOBOWE
304,220502_4.0001.156,156,Kartuzy - M,1,0.0462,Br-RIVb 0.0462,ul. Bohaterów Westerplatte,Nie,Nie,,DANE OSOBOWE
305,220502_4.0001.83/6,83/6,Kartuzy - M,1,0.0602,Br-RIVb 0.0602,ul. Bohaterów Westerplatte,Nie,Nie,,DANE OSOBOWE
306,220502_4.0001.157,157,Kartuzy - M,1,0.0465,Br-RIVb 0.0465,ul. Bohaterów Westerplatte,Nie,Nie,,DANE OSOBOWE
307,220502_4.0001.61/8,61/8,Kartuzy - M,1,0.0666,Br-RIVb 0.0666,ul. Wzgórze Wolności 10,Nie,Nie,,DANE OSOBOWE
308,220502_4.0001.84/1,84/1,Kartuzy - M,1,0.0766,Br-RIVb 0.0766,ul. Prokowska 18,Nie,Nie,,DANE OSOBOWE
309,220502_4.0001.12/17,12/17,Kartuzy - M,1,0.0655,Br-RIVb 0.0655,ul. Łąkowa 29,Nie,Nie,,DANE OSOBOWE
310,220502_4.0001.90/5,90/5,Kartuzy - M,1,0.0364,Br-RIVb 0.0364,ul. Prokowska 8B,Nie,Nie,,DANE OSOBOWE
311,220502_4.0001.12/58,12/58,Kartuzy - M,1,0.0596,Br-ŁV 0.0596,ul. Podgórna,Nie,Nie,,DANE OSOBOWE
312,220502_4.0001.87/2,87/2,Kartuzy - M,1,0.0712,Br-RIVb 0.0712,ul. Prokowska 16,Nie,Nie,,DANE OSOBOWE
313,220502_4.0001.8/11,8/11,Kartuzy - M,1,0.1961,PsIV 0.0065; Br-RIVb 0.1865; N 0.0031,ul. Krasickiego,Nie,Nie,,DANE OSOBOWE
314,220502_4.0001.87/5,87/5,Kartuzy - M,1,0.036,Br-RIVb 0.0360,ul. Bohaterów Westerplatte 42,Nie,Nie,,DANE OSOBOWE
315,220502_4.0001.12/52,12/52,Kartuzy - M,1,0.0621,Br-RIVb 0.0621,ul. Łąkowa 41,Nie,Nie,,DANE OSOBOWE
316,220502_4.0001.21,21,Kartuzy - M,1,0.0675,Br-RV 0.0675,ul. Podgórna 1,Nie,Nie,,DANE OSOBOWE
317,220502_4.0001.7/12,7/12,Kartuzy - M,1,0.0454,Br-RIVb 0.0454,ul. Łąkowa 63,Nie,Nie,,DANE OSOBOWE
318,220502_4.0001.137,137,Kartuzy - M,1,0.046,Br-RIVb 0.0460,ul. Bohaterów Westerplatte,Nie,Nie,,DANE OSOBOWE
319,220502_4.0001.12/5,12/5,Kartuzy - M,1,0.0827,Br-RIVb 0.0827,ul. Łąkowa,Nie,Nie,,DANE OSOBOWE
320,220502_4.0001.162,162,Kartuzy - M,1,0.0481,Br-RIVa 0.0481,ul. Bohaterów Westerplatte 2,Nie,Nie,,DANE OSOBOWE
321,220502_4.0001.7/3,7/3,Kartuzy - M,1,0.0461,Br-RIVa 0.0461,ul. Łąkowa 45,Nie,Nie,,DANE OSOBOWE
322,220502_4.0001.7/8,7/8,Kartuzy - M,1,0.0472,Br-RIVb 0.0472,ul. Łąkowa 55,Nie,Nie,,DANE OSOBOWE
323,220502_4.0001.12/32,12/32,Kartuzy - M,1,0.044,Br-RIVb 0.0440,ul. Łąkowa 12,Nie,Nie,,DANE OSOBOWE
324,220502_4.0001.84/2,84/2,Kartuzy - M,1,0.0712,Br-RIVb 0.0712,ul. Bohaterów Westerplatte,Nie,Nie,,DANE OSOBOWE
325,220502_4.0001.82/2,82/2,Kartuzy - M,1,0.097,Br-RIVa 0.0970,,Nie,Nie,,DANE OSOBOWE
326,220502_4.0001.12/13,12/13,Kartuzy - M,1,0.0438,Br-RIVb 0.0438,ul. Łąkowa 21,Nie,Nie,,DANE OSOBOWE
327,220502_4.0001.7/54,7/54,Kartuzy - M,1,0.0048,Br-RIVa 0.0048,,Nie,Nie,,DANE OSOBOWE
328,220502_4.0001.12/10,12/10,Kartuzy - M,1,0.0436,Br-RIVb 0.0436,ul. Łąkowa 15,Nie,Nie,,DANE OSOBOWE
329,220502_4.0001.12/38,12/38,Kartuzy - M,1,0.063,Br-RIVb 0.0630,ul. Łąkowa 24,Nie,Nie,,DANE OSOBOWE
330,220502_4.0001.12/59,12/59,Kartuzy - M,1,0.0566,Br-ŁV 0.0566,ul. Łąkowa 30A,Nie,Nie,,DANE OSOBOWE
331,220502_4.0001.41,41,Kartuzy - M,1,0.055,Br-PsV 0.0550,ul. Podgórna,Nie,Nie,,DANE OSOBOWE
332,220502_4.0001.169,169,Kartuzy - M,1,0.0403,Br-RIVb 0.0403,ul. Bohaterów Westerplatte,Nie,Nie,,DANE OSOBOWE
333,220502_4.0001.7/26,7/26,Kartuzy - M,1,0.0844,Br-RIVb 0.0844,ul. Łąkowa 52,Nie,Nie,,DANE OSOBOWE
334,220502_4.0001.123,123,Kartuzy - M,1,0.0564,Br-RIVb 0.0564,ul. Klasztorna 12,Nie,Nie,,DANE OSOBOWE
335,220502_4.0001.70/8,70/8,Kartuzy - M,1,0.0565,Br-RIVb 0.0565,ul. Prokowska,Nie,Nie,,DANE OSOBOWE
336,220502_4.0001.12/51,12/51,Kartuzy - M,1,0.0623,Br-RIVb 0.0623,ul. Łąkowa 39,Nie,Nie,,DANE OSOBOWE
337,220502_4.0001.180,180,Kartuzy - M,1,0.0559,Br-PsIV 0.0559,ul. Obrońców Poczty Polskiej 10,Nie,Nie,,DANE OSOBOWE
338,220502_4.0001.18/1,18/1,Kartuzy - M,1,0.048,Br-RV 0.0480,ul. Wzgórze Wolności 20,Nie,Nie,,DANE OSOBOWE
339,220502_4.0001.7/27,7/27,Kartuzy - M,1,0.0602,Br-RIVb 0.0602,ul. Łąkowa,Nie,Nie,,DANE OSOBOWE
340,220502_4.0001.12/15,12/15,Kartuzy - M,1,0.0437,Br-RIVb 0.0437,ul. Łąkowa,Nie,Nie,,DANE OSOBOWE
341,220502_4.0001.12/81,12/81,Kartuzy - M,1,0.0445,Br-RIVb 0.0445,ul. Łąkowa 6,Nie,Nie,,DANE OSOBOWE
342,220502_4.0001.8/6,8/6,Kartuzy - M,1,0.0615,Br-RIVb 0.0615,ul. Łąkowa 77a,Nie,Nie,,DANE OSOBOWE
343,220502_4.0001.12/53,12/53,Kartuzy - M,1,0.0626,Br-RIVa 0.0626,ul. Łąkowa 43,Nie,Nie,,DANE OSOBOWE
344,220502_4.0001.12/54,12/54,Kartuzy - M,1,0.0634,Br-RIVa 0.0634,ul. Prokowska 25,Nie,Nie,,DANE OSOBOWE
345,220502_4.0001.48/2,48/2,Kartuzy - M,1,0.0324,Br-PsV 0.0324,ul. Podgórna,Nie,Nie,,DANE OSOBOWE
346,220502_4.0001.12/3,12/3,Kartuzy - M,1,0.0673,Br-RIVb 0.0673,ul. Łąkowa,Nie,Nie,,DANE OSOBOWE
347,220502_4.0001.192,192,Kartuzy - M,1,0.0401,Br-RIVb 0.0401,ul. Prokowska 24,Nie,Nie,,DANE OSOBOWE
348,220502_4.0001.87/6,87/6,Kartuzy - M,1,0.0613,Br-RIVb 0.0613,ul. Bohaterów Westerplatte 40,Nie,Nie,,DANE OSOBOWE
349,220502_4.0001.12/68,12/68,Kartuzy - M,1,0.086,Br-RIVb 0.0860,ul. Prokowska 19,Nie,Nie,,DANE OSOBOWE
350,220502_4.0001.30/2,30/2,Kartuzy - M,1,0.0428,Br-RIVb 0.0428,ul. Podgórna,Nie,Nie,,DANE OSOBOWE
351,220502_4.0001.193,193,Kartuzy - M,1,0.0453,Br-RIVb 0.0453,ul. Prokowska 24,Nie,Nie,,DANE OSOBOWE
352,220502_4.0001.94/2,94/2,Kartuzy - M,1,0.055,Br-RIVb 0.0550,ul. Prokowska,Nie,Nie,,DANE OSOBOWE
353,220502_4.0001.7/18,7/18,Kartuzy - M,1,0.0521,Br-RIVb 0.0521,ul. Łąkowa,Nie,Nie,,DANE OSOBOWE
354,220502_4.0001.12/28,12/28,Kartuzy - M,1,0.0592,Br-RIVb 0.0592,ul. Łąkowa,Nie,Nie,,DANE OSOBOWE
355,220502_4.0001.181,181,Kartuzy - M,1,0.0417,Br-RIVb 0.0417,ul. Obrońców Poczty Polskiej 5,Nie,Nie,,DANE OSOBOWE
356,220502_4.0001.164,164,Kartuzy - M,1,0.0458,Br-RIVa 0.0240; Br-RIVb 0.0218,ul. Bohaterów Westerplatte,Nie,Nie,,DANE OSOBOWE
357,220502_4.0001.52,52,Kartuzy - M,1,0.0578,Br-PsV 0.0578,ul. Wzgórze Wolności 16,Nie,Nie,,DANE OSOBOWE
358,220502_4.0001.53,53,Kartuzy - M,1,0.0571,Br-PsV 0.0571,ul. Wzgórze Wolności 14,Nie,Nie,,DANE OSOBOWE
359,220502_4.0001.115,115,Kartuzy - M,1,0.0143,Br-RIVa 0.0143,ul. Prokowska,Nie,Nie,,DANE OSOBOWE
360,220502_4.0001.12/6,12/6,Kartuzy - M,1,0.0454,Br-RIVb 0.0454,ul. Łąkowa,Nie,Nie,,DANE OSOBOWE
361,220502_4.0001.194,194,Kartuzy - M,1,0.0413,Br-RIVb 0.0413,ul. Prokowska,Nie,Nie,,DANE OSOBOWE
362,220502_4.0001.24,24,Kartuzy - M,1,0.0547,Br-PsV 0.0547,ul. Podgórna,Nie,Nie,,DANE OSOBOWE
363,220502_4.0001.48/1,48/1,Kartuzy - M,1,0.0365,Br-PsV 0.0365,ul. Podgórna 2,Nie,Nie,,DANE OSOBOWE
364,220502_4.0001.7/29,7/29,Kartuzy - M,1,0.0782,Br-RIVb 0.0782,ul. Łąkowa 73,Nie,Nie,,DANE OSOBOWE
365,220502_4.0001.51/1,51/1,Kartuzy - M,1,0.0606,Br-PsV 0.0606,ul. Podgórna 2C,Nie,Nie,,DANE OSOBOWE
366,220502_4.0001.82/8,82/8,Kartuzy - M,1,0.0097,Br-RIVb 0.0097,,Nie,Nie,,DANE OSOBOWE
367,220502_4.0001.135/1,135/1,Kartuzy - M,1,0.0097,Br-RIVb 0.0097,,Nie,Nie,,DANE OSOBOWE
368,220502_4.0001.7/7,7/7,Kartuzy - M,1,0.0469,Br-RIVb 0.0469,ul. Łąkowa 53,Nie,Nie,,DANE OSOBOWE
369,220502_4.0001.12/64,12/64,Kartuzy - M,1,0.0643,Br-RIVa 0.0643,ul. Prokowska 23,Nie,Nie,,DANE OSOBOWE
370,220502_4.0001.12/65,12/65,Kartuzy - M,1,0.0624,Br-RIVb 0.0624,ul. Łąkowa 32B,Nie,Nie,,DANE OSOBOWE
371,220502_4.0001.12/61,12/61,Kartuzy - M,1,0.0579,Br-ŁV 0.0579,ul. Łąkowa 30B,Nie,Nie,,DANE OSOBOWE
372,220502_4.0001.62,62,Kartuzy - M,1,0.0589,Br-RIVb 0.0589,ul. Wzgórze Wolności 6A,Nie,Nie,,DANE OSOBOWE
373,220502_4.0001.95/3,95/3,Kartuzy - M,1,0.075,Br-RIVb 0.0750,ul. Prokowska,Nie,Nie,,DANE OSOBOWE
374,220502_4.0001.67/4,67/4,Kartuzy - M,1,0.0466,Br-RIVb 0.0466,ul. Gdyńskich Kosynierów 5,Nie,Nie,,DANE OSOBOWE
375,220502_4.0001.32,32,Kartuzy - M,1,0.0705,Br-RIVb 0.0705,ul. Podgórna 19,Nie,Nie,,DANE OSOBOWE
376,220502_4.0001.26/1,26/1,Kartuzy - M,1,0.0302,Br-RIVb 0.0302,ul. Podgórna 11B,Nie,Nie,,DANE OSOBOWE
377,220502_4.0001.7/14,7/14,Kartuzy - M,1,0.067,Br-RIVb 0.0670,ul. Łąkowa,Nie,Nie,,DANE OSOBOWE
378,220502_4.0001.7/19,7/19,Kartuzy - M,1,0.0522,Br-RIVb 0.0522,ul. Łąkowa 38,Nie,Nie,,DANE OSOBOWE
379,220502_4.0001.185,185,Kartuzy - M,1,0.0463,Br-RIVb 0.0463,ul. Gdyńskich Kosynierów,Nie,Nie,,DANE OSOBOWE
380,220502_4.0001.7/6,7/6,Kartuzy - M,1,0.0469,Br-RIVb 0.0469,ul. Łąkowa 51,Nie,Nie,,DANE OSOBOWE
381,220502_4.0001.7/2,7/2,Kartuzy - M,1,0.0556,Br-RIVa 0.0556,ul. Prokowska,Nie,Nie,,DANE OSOBOWE
382,220502_4.0001.159,159,Kartuzy - M,1,0.0527,Br-RIVa 0.0527,ul. Bohaterów Westerplatte 3,Nie,Nie,,DANE OSOBOWE
383,220502_4.0001.42,42,Kartuzy - M,1,0.0637,Br-PsV 0.0637,ul. Podgórna 12,Nie,Nie,,DANE OSOBOWE
384,220502_4.0001.99,99,Kartuzy - M,1,0.0776,Br-RIVa 0.0776,ul. Wzgórze Wolności 2,Nie,Nie,,DANE OSOBOWE
385,220502_4.0001.78/2,78/2,Kartuzy - M,1,0.08,Br-RIVb 0.0624; Br-PsVI 0.0176,ul. Krasickiego 4,Nie,Nie,,DANE OSOBOWE
386,220502_4.0001.12/14,12/14,Kartuzy - M,1,0.044,Br-RIVb 0.0440,ul. Łąkowa,Nie,Nie,,DANE OSOBOWE
387,220502_4.0001.112/6,112/6,Kartuzy - M,1,0.0628,Br-RIVb 0.0628,,Nie,Nie,,DANE OSOBOWE
388,220502_4.0001.127,127,Kartuzy - M,1,0.0677,Br-RIVb 0.0677,,Nie,Nie,,DANE OSOBOWE
389,220502_4.0001.160,160,Kartuzy - M,1,0.0439,Br-RIVa 0.0439,ul. Bohaterów Westerplatte 1,Nie,Nie,,DANE OSOBOWE
390,220502_4.0001.155,155,Kartuzy - M,1,0.062,Br-RIVb 0.0620,ul. Bohaterów Westerplatte,Nie,Nie,,DANE OSOBOWE
391,220502_4.0001.126,126,Kartuzy - M,1,0.09,Br-RIVb 0.09,ul. Klasztorna,Nie,Nie,,DANE OSOBOWE
392,220502_4.0001.12/78,12/78,Kartuzy - M,1,0.0289,Br-RIVb 0.0289,,Nie,Nie,,DANE OSOBOWE
393,220502_4.0001.7/23,7/23,Kartuzy - M,1,0.0528,Br-RIVb 0.0528,ul. Łąkowa 46,Nie,Nie,,DANE OSOBOWE
394,220502_4.0001.186,186,Kartuzy - M,1,0.0359,Br-RIVb 0.0359,ul. Gdyńskich Kosynierów,Nie,Nie,,DANE OSOBOWE
395,220502_4.0001.163,163,Kartuzy - M,1,0.0413,Br-RIVa 0.0413,ul. Bohaterów Westerplatte,Nie,Nie,,DANE OSOBOWE
396,220502_4.0001.12/66,12/66,Kartuzy - M,1,0.067,Br-RIVb 0.0670,ul. Prokowska,Nie,Nie,,DANE OSOBOWE
397,220502_4.0001.72/1,72/1,Kartuzy - M,1,0.058,Br-RIVb 0.0580,ul. Obrońców Poczty Polskiej 8,Nie,Nie,,DANE OSOBOWE
398,220502_4.0001.12/9,12/9,Kartuzy - M,1,0.0437,Br-RIVb 0.0437,ul. Łąkowa 13,Nie,Nie,,DANE OSOBOWE
399,220502_4.0001.82/6,82/6,Kartuzy - M,1,0.0618,RIVb 0.0027; PsVI 0.0391; Br-RIVb 0.0200,ul. Bohaterów Westerplatte 52,Nie,Nie,,DANE OSOBOWE
400,220502_4.0001.12/34,12/34,Kartuzy - M,1,0.0424,Br-RIVb 0.0424,ul. Łąkowa 16,Nie,Nie,,DANE OSOBOWE
401,220502_4.0001.113/6,113/6,Kartuzy - M,1,0.0626,Br-RIVb 0.0626,,Nie,Nie,,DANE OSOBOWE
402,220502_4.0001.148/4,148/4,Kartuzy - M,1,0.0488,Br-RIVb 0.0488,ul. Prokowska,Nie,Nie,,DANE OSOBOWE
403,220502_4.0001.15/14,15/14,Kartuzy - M,1,0.0222,Br-PsIV 0.0222,ul. Wzgórze Wolności 22,Nie,Nie,,DANE OSOBOWE
404,220502_4.0001.12/67,12/67,Kartuzy - M,1,0.0689,Br-RIVb 0.0689,ul. Łąkowa 32C,Nie,Nie,,DANE OSOBOWE
405,220502_4.0001.7/13,7/13,Kartuzy - M,1,0.0592,Br-RIVb 0.0592,ul. Łąkowa,Nie,Nie,,DANE OSOBOWE
406,220502_4.0001.7/25,7/25,Kartuzy - M,1,0.0708,Br-RIVb 0.0708,ul. Łąkowa 50,Nie,Nie,,DANE OSOBOWE
407,220502_4.0001.88/7,88/7,Kartuzy - M,1,0.0566,Br-RIVb 0.0566,ul. Bohaterów Westerplatte 36,Nie,Nie,,DANE OSOBOWE
408,220502_4.0001.7/10,7/10,Kartuzy - M,1,0.0466,Br-RIVb 0.0466,ul. Łąkowa 59,Nie,Nie,,DANE OSOBOWE
409,220502_4.0001.7/1,7/1,Kartuzy - M,1,0.0755,Br-RIVa 0.0755,ul. Prokowska 36,Nie,Nie,,DANE OSOBOWE
410,220502_4.0001.7/5,7/5,Kartuzy - M,1,0.0469,Br-RIVa 0.0469,ul. Łąkowa 49,Nie,Nie,,DANE OSOBOWE
411,220502_4.0001.12/7,12/7,Kartuzy - M,1,0.0436,Br-RIVb 0.0436,ul. Łąkowa,Nie,Nie,,DANE OSOBOWE
412,220502_4.0001.7/52,7/52,Kartuzy - M,1,0.0577,Br-RIVa 0.0577,ul. Prokowska 32,Nie,Nie,,DANE OSOBOWE
413,220502_4.0001.147,147,Kartuzy - M,1,0.072,Br-RIVb 0.0720,ul. Prokowska,Nie,Nie,,DANE OSOBOWE
414,220502_4.0001.144,144,Kartuzy - M,1,0.0424,Br-RIVb 0.0424,ul. Bohaterów Westerplatte,Nie,Nie,,DANE OSOBOWE
415,220502_4.0001.12/57,12/57,Kartuzy - M,1,0.0561,Br-ŁV 0.0561,ul. Łąkowa 30,Nie,Nie,,DANE OSOBOWE
416,220502_4.0001.12/56,12/56,Kartuzy - M,1,0.0608,Br-ŁV 0.0608,ul. Łąkowa 28,Nie,Nie,,DANE OSOBOWE
417,220502_4.0001.176,176,Kartuzy - M,1,0.0404,Br-RIVb 0.0404,ul. Bohaterów Westerplatte,Nie,Nie,,DANE OSOBOWE
418,220502_4.0001.149,149,Kartuzy - M,1,0.0425,Br-RIVb 0.0425,ul. Bohaterów Westerplatte 19,Nie,Nie,,DANE OSOBOWE
419,220502_4.0001.94/3,94/3,Kartuzy - M,1,0.0742,Br-RIVb 0.0742,ul. Prokowska 6,Nie,Nie,,DANE OSOBOWE
420,220502_4.0001.82/7,82/7,Kartuzy - M,1,0.0652,PsVI 0.0203; Br-RIVb 0.0449,ul. Bohaterów Westerplatte,Nie,Nie,,DANE OSOBOWE
421,220502_4.0001.158,158,Kartuzy - M,1,0.0469,Br-RIVb 0.0272; Br-RIVb 0.0197,ul. Bohaterów Westerplatte,Nie,Nie,,DANE OSOBOWE
422,220502_4.0001.175,175,Kartuzy - M,1,0.0408,Br-RIVb 0.0408,ul. Bohaterów Westerplatte,Nie,Nie,,DANE OSOBOWE
423,220502_4.0001.83/4,83/4,Kartuzy - M,1,0.0696,Br-RIVb 0.0696,ul. Bohaterów Westerplatte,Nie,Nie,,DANE OSOBOWE
424,220502_4.0001.76/3,76/3,Kartuzy - M,1,0.0707,Br-PsIV 0.0707,ul. Prokowska 17a,Nie,Nie,,DANE OSOBOWE
425,220502_4.0001.61/3,61/3,Kartuzy - M,1,0.0746,Br-RIVb 0.0746,ul. Wzgórze Wolności 12,Nie,Nie,,DANE OSOBOWE
426,220502_4.0001.64,64,Kartuzy - M,1,0.1686,Br-RIVb 0.1686,ul. Wzgórze Wolności 6,Nie,Nie,,DANE OSOBOWE
427,220502_4.0001.7/24,7/24,Kartuzy - M,1,0.0549,Br-RIVb 0.0549,ul. Łąkowa 48,Nie,Nie,,DANE OSOBOWE
428,220502_4.0001.116,116,Kartuzy - M,1,0.0065,Br-RIVa 0.0065,,Nie,Nie,,DANE OSOBOWE
429,220502_4.0001.80,80,Kartuzy - M,1,0.4416,RIVb 0.2654; PsVI 0.0280; Br-RIVb 0.1482,ul. Łąkowa 81,Nie,Nie,,DANE OSOBOWE
430,220502_4.0001.195,195,Kartuzy - M,1,0.0197,Br-RIVb 0.0197,ul. Prokowska 6c,Nie,Nie,,DANE OSOBOWE
431,220502_4.0001.12/82,12/82,Kartuzy - M,1,0.0061,Br-RIVa 0.0061,,Nie,Nie,,DANE OSOBOWE
432,220502_4.0001.12/84,12/84,Kartuzy - M,1,0.0086,Br-RIVa 0.0086,,Nie,Nie,,DANE OSOBOWE
433,220502_4.0001.197/6,197/6,Kartuzy - M,1,0.3523,B 0.3523,"ul. Prokowska 40f, ul. Prokowska 40g",Nie,Nie,,DANE OSOBOWE
434,220502_4.0001.68/15,68/15,Kartuzy - M,1,0.026,B 0.0260,ul. Gdyńskich Kosynierów,Nie,Nie,,DANE OSOBOWE
435,220502_4.0001.68/16,68/16,Kartuzy - M,1,0.0205,B 0.0205,ul. Gdyńskich Kosynierów,Nie,Nie,,DANE OSOBOWE
436,220502_4.0001.4/3,4/3,Kartuzy - M,1,0.0196,dr 0.0196,,Nie,Nie,,DANE OSOBOWE
437,220502_4.0001.4/6,4/6,Kartuzy - M,1,0.0478,B 0.0478,,Nie,Nie,,DANE OSOBOWE
438,220502_4.0001.4/18,4/18,Kartuzy - M,1,0.0338,Ba 0.0338,,Nie,Nie,,DANE OSOBOWE
439,220502_4.0001.6/1,6/1,Kartuzy - M,1,0.0753,dr 0.0753,,Nie,Nie,,DANE OSOBOWE
440,220502_4.0001.4/16,4/16,Kartuzy - M,1,0.0355,Ba 0.0355,,Nie,Nie,,DANE OSOBOWE
441,220502_4.0001.4/21,4/21,Kartuzy - M,1,0.0915,Ba 0.0915,,Nie,Nie,,DANE OSOBOWE
442,220502_4.0001.4/23,4/23,Kartuzy - M,1,0.0458,Ba 0.0458,,Nie,Nie,,DANE OSOBOWE
443,220502_4.0001.68/21,68/21,Kartuzy - M,1,0.0457,B 0.0457,ul. Gdyńskich Kosynierów 12a,Nie,Nie,,DANE OSOBOWE
444,220502_4.0001.7/58,7/58,Kartuzy - M,1,0.0802,B 0.0802,,Nie,Nie,,DANE OSOBOWE
445,220502_4.0001.7/45,7/45,Kartuzy - M,1,0.0971,Bi 0.0971,ul. Prokowska 28,Nie,Nie,,DANE OSOBOWE
446,220502_4.0001.4/19,4/19,Kartuzy - M,1,0.0871,Ba 0.0871,ul. Prokowska,Nie,Nie,,DANE OSOBOWE
447,220502_4.0001.4/20,4/20,Kartuzy - M,1,0.0903,Ba 0.0903,ul. Prokowska,Nie,Nie,,DANE OSOBOWE
448,220502_4.0001.6/6,6/6,Kartuzy - M,1,0.9349,Ba 0.9349,,Nie,Nie,,DANE OSOBOWE
449,220502_4.0001.4/24,4/24,Kartuzy - M,1,0.4148,Ba 0.4148,,Nie,Nie,,DANE OSOBOWE
450,220502_4.0001.5/7,5/7,Kartuzy - M,1,0.0775,Ba 0.0775,,Nie,Nie,,DANE OSOBOWE
451,220502_4.0001.4/15,4/15,Kartuzy - M,1,0.1494,Ba 0.1494,,Nie,Nie,,DANE OSOBOWE
452,220502_4.0001.68/8,68/8,Kartuzy - M,1,0.021,Bp 0.0210,ul. Gdyńskich Kosynierów 11,Nie,Nie,,DANE OSOBOWE
453,220502_4.0001.15/6,15/6,Kartuzy - M,1,0.0737,Bp 0.0737,ul. Wzgórze Wolności,Nie,Nie,,DANE OSOBOWE
454,220502_4.0001.12/37,12/37,Kartuzy - M,1,0.063,Bp 0.0630,ul. Łąkowa 22,Nie,Nie,,DANE OSOBOWE
455,220502_4.0001.68/12,68/12,Kartuzy - M,1,0.0084,dr 0.0084,,Nie,Nie,,DANE OSOBOWE
456,220502_4.0001.68/11,68/11,Kartuzy - M,1,0.0084,dr 0.0084,,Nie,Nie,,DANE OSOBOWE
457,220502_4.0001.68/10,68/10,Kartuzy - M,1,0.0236,Bp 0.0236,ul. Gdyńskich Kosynierów 10,Nie,Nie,,DANE OSOBOWE
458,220502_4.0001.70/16,70/16,Kartuzy - M,1,0.0094,Bz 0.0094,,Nie,Nie,,DANE OSOBOWE
459,220502_4.0001.70/17,70/17,Kartuzy - M,1,0.0182,Bz 0.0182,,Nie,Nie,,DANE OSOBOWE
460,220502_4.0001.70/19,70/19,Kartuzy - M,1,0.0038,Bp 0.0038,,Nie,Nie,,DANE OSOBOWE
461,220502_4.0001.72/3,72/3,Kartuzy - M,1,0.0046,dr 0.0046,,Nie,Nie,,DANE OSOBOWE
462,220502_4.0001.75/5,75/5,Kartuzy - M,1,0.0738,Bp 0.0738,ul. Prokowska,Nie,Nie,,DANE OSOBOWE
463,220502_4.0001.74/6,74/6,Kartuzy - M,1,0.2377,PsIV 0.0070; Br-PsIV 0.1510; Bp 0.0797,ul. Prokowska,Nie,Nie,,DANE OSOBOWE
464,220502_4.0001.82/1,82/1,Kartuzy - M,1,0.0027,RIVb 0.0027,,Nie,Nie,,DANE OSOBOWE
465,220502_4.0001.112/5,112/5,Kartuzy - M,1,0.0021,RIVb 0.0021,ul. Prokowska 12,Nie,Nie,,DANE OSOBOWE
466,220502_4.0001.75/6,75/6,Kartuzy - M,1,0.0861,Bp 0.0861,ul. Prokowska,Nie,Nie,,DANE OSOBOWE
467,220502_4.0001.113/5,113/5,Kartuzy - M,1,0.0023,RIVb 0.0023,ul. Prokowska,Nie,Nie,,DANE OSOBOWE
468,220502_4.0001.81/11,81/11,Kartuzy - M,1,0.0023,RIVb 0.0023,,Nie,Nie,,DANE OSOBOWE
469,220502_4.0001.82/5,82/5,Kartuzy - M,1,0.0282,dr 0.0282,,Nie,Nie,,DANE OSOBOWE
470,220502_4.0001.76/4,76/4,Kartuzy - M,1,0.072,Bp 0.0720,,Nie,Nie,,DANE OSOBOWE
471,220502_4.0001.7/4,7/4,Kartuzy - M,1,0.0469,B 0.0469,ul. Łąkowa 47,Nie,Nie,,DANE OSOBOWE
472,220502_4.0001.22,22,Kartuzy - M,1,0.0639,B 0.0639,ul. Podgórna,Nie,Nie,,DANE OSOBOWE
473,220502_4.0001.130/6,130/6,Kartuzy - M,1,0.2101,RIVa 0.2101,ul. Wzgórze Wolności,Nie,Nie,,DANE OSOBOWE
474,220502_4.0001.15/20,15/20,Kartuzy - M,1,0.0479,B 0.0479,ul. Wzgórze Wolności,Nie,Nie,,DANE OSOBOWE
475,220502_4.0001.15/22,15/22,Kartuzy - M,1,0.0024,dr 0.0024,,Nie,Nie,,DANE OSOBOWE
476,220502_4.0001.84/5,84/5,Kartuzy - M,1,0.0649,B 0.0649,ul. Bohaterów Westerplatte 44,Nie,Nie,,DANE OSOBOWE
477,220502_4.0001.12/16,12/16,Kartuzy - M,1,0.0658,Br-RIVb 0.0658,ul. Łąkowa 27,Nie,Nie,,DANE OSOBOWE
478,220502_4.0001.182,182,Kartuzy - M,1,0.0615,B 0.0615,ul. Obrońców Poczty Polskiej 3,Nie,Nie,,DANE OSOBOWE
479,220502_4.0001.60/2,60/2,Kartuzy - M,1,0.03,dr 0.0300,ul. Obrońców Poczty Polskiej,Nie,Nie,,DANE OSOBOWE
480,220502_4.0001.60/3,60/3,Kartuzy - M,1,0.179,dr 0.1790,ul. Obrońców Poczty Polskiej,Nie,Nie,,DANE OSOBOWE
481,220502_4.0001.197/7,197/7,Kartuzy - M,1,0.1008,B 0.1008,ul. Prokowska 40H,Nie,Nie,,DANE OSOBOWE
482,220502_4.0001.111/1,111/1,Kartuzy - M,1,0.0018,B 0.0018,ul. Bohaterów Westerplatte 34,Nie,Nie,,DANE OSOBOWE
483,220502_4.0001.139/2,139/2,Kartuzy - M,1,0.0155,RIVb 0.0155,ul. Bohaterów Westerplatte,Nie,Nie,,DANE OSOBOWE
484,220502_4.0001.12/80,12/80,Kartuzy - M,1,0.0182,B 0.0182,ul. Łąkowa 6A,Nie,Nie,,DANE OSOBOWE
485,220502_4.0001.128/3,128/3,Kartuzy - M,1,0.0039,dr 0.0039,ul. Klasztorna,Nie,Nie,,DANE OSOBOWE
486,220502_4.0001.78/8,78/8,Kartuzy - M,1,0.0772,B 0.0772,ul. Ignacego Krasickiego 2,Nie,Nie,,DANE OSOBOWE
487,220502_4.0001.142,142,Kartuzy - M,1,0.0421,B 0.0421,ul. Bohaterów Westerplatte,Nie,Nie,,DANE OSOBOWE
488,220502_4.0001.12/19,12/19,Kartuzy - M,1,0.0109,dr 0.0109,,Nie,Nie,,DANE OSOBOWE
489,220502_4.0001.75/3,75/3,Kartuzy - M,1,0.0783,B 0.0783,ul. Prokowska 15D,Nie,Nie,,DANE OSOBOWE
490,220502_4.0001.128/5,128/5,Kartuzy - M,1,0.0321,Bi 0.0321,ul. Klasztorna,Nie,Nie,,DANE OSOBOWE
491,220502_4.0001.128/7,128/7,Kartuzy - M,1,0.463,Bi 0.4630,ul. Klasztorna,Nie,Nie,,DANE OSOBOWE
492,220502_4.0001.16/5,16/5,Kartuzy - M,1,0.2463,dr 0.2463,ul. Wzgórze Wolności,Nie,Nie,,DANE OSOBOWE
493,220502_4.0001.130/7,130/7,Kartuzy - M,1,0.006,Tp 0.0060,ul. Wzgórze Wolności,Nie,Nie,,DANE OSOBOWE
494,220502_4.0001.130/8,130/8,Kartuzy - M,1,0.2359,Ti 0.2359,ul. Wzgórze Wolności,Nie,Nie,,DANE OSOBOWE
495,220502_4.0001.70/9,70/9,Kartuzy - M,1,0.0564,B 0.0564,ul. Prokowska,Nie,Nie,,DANE OSOBOWE
496,220502_4.0001.70/14,70/14,Kartuzy - M,1,0.0058,dr 0.0058,,Nie,Nie,,DANE OSOBOWE
497,220502_4.0001.70/15,70/15,Kartuzy - M,1,0.0241,dr 0.0241,,Nie,Nie,,DANE OSOBOWE
498,220502_4.0001.197/8,197/8,Kartuzy - M,1,0.104,B 0.1040,ul. Prokowska 40I,Nie,Nie,,DANE OSOBOWE
499,220502_4.0001.128/8,128/8,Kartuzy - M,1,0.0066,Tp 0.0066,ul. Klasztorna,Nie,Nie,,DANE OSOBOWE
500,220502_4.0001.128/9,128/9,Kartuzy - M,1,0.0753,dr 0.0753,ul. Klasztorna,Nie,Nie,,DANE OSOBOWE
501,220502_4.0001.197/9,197/9,Kartuzy - M,1,0.0954,B 0.0954,ul. Prokowska 40J,Nie,Nie,,DANE OSOBOWE
502,220502_4.0001.201,201,Kartuzy - M,1,0.0664,dr 0.0664,,Nie,Nie,,DANE OSOBOWE
503,220502_4.0001.200,200,Kartuzy - M,1,0.2915,B 0.2915,ul. Prokowska 33,Nie,Nie,,DANE OSOBOWE
504,220502_4.0001.199,199,Kartuzy - M,1,0.0694,B 0.0694,,Nie,Nie,,DANE OSOBOWE
505,220502_4.0001.100/3,100/3,Kartuzy - M,1,0.0216,Br-RIVa 0.0216,ul. Wzgórze Wolności,Nie,Nie,,DANE OSOBOWE
506,220502_4.0001.100/4,100/4,Kartuzy - M,1,0.8346,RIVa 0.7794; PsIV 0.0552,ul. Wzgórze Wolności,Nie,Nie,,DANE OSOBOWE
507,220502_4.0001.145,145,Kartuzy - M,1,0.043,B 0.0430,ul. Bohaterów Westerplatte 21,Nie,Nie,,DANE OSOBOWE
508,220502_4.0001.75/1,75/1,Kartuzy - M,1,0.0131,dr 0.0131,,Nie,Nie,,DANE OSOBOWE
509,220502_4.0001.74/7,74/7,Kartuzy - M,1,0.0128,dr 0.0128,,Nie,Nie,,DANE OSOBOWE
510,220502_4.0001.71/7,71/7,Kartuzy - M,1,0.041,dr 0.0410,,Nie,Nie,,DANE OSOBOWE
511,220502_4.0001.71/1,71/1,Kartuzy - M,1,0.0103,dr 0.0103,ul. Prokowska,Nie,Nie,,DANE OSOBOWE
512,220502_4.0001.171,171,Kartuzy - M,1,0.0405,Br-RIVb 0.0405,ul. Bohaterów Westerplatte,Nie,Nie,,DANE OSOBOWE
513,220502_4.0001.172,172,Kartuzy - M,1,0.0466,Br-RIVb 0.0466,ul. Bohaterów Westerplatte,Nie,Nie,,DANE OSOBOWE
514,220502_4.0001.167/4,167/4,Kartuzy - M,1,0.0176,dr 0.0176,,Nie,Nie,,DANE OSOBOWE
515,220502_4.0001.173,173,Kartuzy - M,1,0.0472,Br-RIVb 0.0472,ul. Bohaterów Westerplatte,Nie,Nie,,DANE OSOBOWE
516,220502_4.0001.167/2,167/2,Kartuzy - M,1,0.0075,dr 0.0075,,Nie,Nie,,DANE OSOBOWE
517,220502_4.0001.167/1,167/1,Kartuzy - M,1,0.0103,dr 0.0103,,Nie,Nie,,DANE OSOBOWE
518,220502_4.0001.140,140,Kartuzy - M,1,0.003,dr 0.0030,ul. Bohaterów Westerplatte,Nie,Nie,,DANE OSOBOWE
519,220502_4.0001.177,177,Kartuzy - M,1,0.0452,B 0.0452,ul. Bohaterów Westerplatte,Nie,Nie,,DANE OSOBOWE
520,220502_4.0001.8/13,8/13,Kartuzy - M,1,0.0012,B 0.0012,ul. Krasickiego,Nie,Nie,,DANE OSOBOWE
521,220502_4.0001.8/15,8/15,Kartuzy - M,1,0.0185,B 0.0185,ul. Krasickiego,Nie,Nie,,DANE OSOBOWE
522,220502_4.0001.16/6,16/6,Kartuzy - M,1,0.8348,dr 0.8348,ul. Wzgórze Wolności,Nie,Nie,,DANE OSOBOWE
523,220502_4.0001.14/24,14/24,Kartuzy - M,1,0.0083,B 0.0083,ul. Zagórze 1,Nie,Nie,,DANE OSOBOWE
524,220502_4.0001.14/2,14/2,Kartuzy - M,1,0.0331,B 0.0331,ul. Zagórze 1,Nie,Nie,,DANE OSOBOWE
525,220502_4.0001.35,35,Kartuzy - M,1,0.0941,B 0.0941,ul. Podgórna,Nie,Nie,,DANE OSOBOWE
526,220502_4.0001.83/7,83/7,Kartuzy - M,1,0.0558,Bp 0.0558,ul. Bohaterów Westerplatte 46,Nie,Nie,,DANE OSOBOWE
527,220502_4.0001.179,179,Kartuzy - M,1,0.0563,B 0.0563,ul. Obrońców Poczty Polskiej 12,Nie,Nie,,DANE OSOBOWE
528,220502_4.0001.81/5,81/5,Kartuzy - M,1,0.0339,B 0.0339,ul. Bohaterów Westerplatte 45,Nie,Nie,,DANE OSOBOWE
529,220502_4.0001.85/8,85/8,Kartuzy - M,1,0.1763,B 0.1763,,Nie,Nie,,DANE OSOBOWE
530,220502_4.0001.39/3,39/3,Kartuzy - M,1,0.0355,Br-RIVb 0.0355,ul. Podgórna,Nie,Nie,,DANE OSOBOWE
531,220502_4.0001.85/2,85/2,Kartuzy - M,1,0.0799,B 0.0799,ul. Łąkowa 87,Nie,Nie,,DANE OSOBOWE
532,220502_4.0001.20,20,Kartuzy - M,1,0.0851,Br-RV 0.0851,ul. Podgórna,Nie,Nie,,DANE OSOBOWE
533,220502_4.0001.85/7,85/7,Kartuzy - M,1,0.0162,B 0.0162,,Nie,Nie,,DANE OSOBOWE
534,220502_4.0001.85/5,85/5,Kartuzy - M,1,0.047,B 0.0470,,Nie,Nie,,DANE OSOBOWE
535,220502_4.0001.79/2,79/2,Kartuzy - M,1,0.1002,RIVb 0.1002,ul. Krasickiego,Nie,Nie,,DANE OSOBOWE
